{
  "files": [
    {
      "filepath": "/home/john/Code/Decipad/decipad/libs/language-builtins/src/operators/benchmarks/average.bench.ts",
      "groups": []
    },
    {
      "filepath": "/home/john/Code/Decipad/decipad/libs/language-builtins/src/operators/benchmarks/equality.bench.ts",
      "groups": [
        {
          "fullName": "src/operators/benchmarks/equality.bench.ts > equality",
          "benchmarks": [
            {
              "id": "-984840445_0_0",
              "sampleCount": 775871,
              "name": "1_000 numbers (equal)",
              "rank": 2,
              "rme": 12.799865293454143,
              "totalTime": 500.0000839993736,
              "min": 0.00022600000374950469,
              "max": 18.03128899999865,
              "hz": 1551741.7393093319,
              "period": 0.0006444371345228441,
              "mean": 0.0006444371345228441,
              "variance": 0.0013741979323220787,
              "sd": 0.03707017577948719,
              "sem": 0.000042085247510163225,
              "df": 775870,
              "critical": 1.96,
              "moe": 0.00008248708511991991,
              "p75": 0.0004000000044470653,
              "p99": 0.0008020000022952445,
              "p995": 0.001057999994372949,
              "p999": 0.0023559999972349033
            },
            {
              "id": "-984840445_0_1",
              "sampleCount": 989136,
              "name": "1_000 numbers (not equal)",
              "rank": 1,
              "rme": 9.966776517510946,
              "totalTime": 502.3696280005897,
              "min": 0.00023200000578071922,
              "max": 12.036376000003656,
              "hz": 1968940.686037729,
              "period": 0.0005078873157994348,
              "mean": 0.0005078873157994348,
              "variance": 0.0006597631267312622,
              "sd": 0.02568585460387219,
              "sem": 0.000025826527411487106,
              "df": 989135,
              "critical": 1.96,
              "moe": 0.00005061999372651473,
              "p75": 0.0004039999985252507,
              "p99": 0.0008290000041597523,
              "p995": 0.0010750000001280569,
              "p999": 0.0023010000004433095
            }
          ]
        }
      ]
    },
    {
      "filepath": "/home/john/Code/Decipad/decipad/libs/language-builtins/src/operators/benchmarks/median.bench.ts",
      "groups": [
        {
          "fullName": "src/operators/benchmarks/median.bench.ts > mediam",
          "benchmarks": [
            {
              "id": "153337203_0_0",
              "sampleCount": 0,
              "name": "10_000 numbers",
              "rank": 1,
              "rme": 0
            },
            {
              "id": "153337203_0_1",
              "sampleCount": 0,
              "name": "100_000 numbers",
              "rank": 2,
              "rme": 0
            }
          ]
        }
      ]
    },
    {
      "filepath": "/home/john/Code/Decipad/decipad/libs/language-builtins/src/operators/benchmarks/reverse.bench.ts",
      "groups": [
        {
          "fullName": "src/operators/benchmarks/reverse.bench.ts > reverse",
          "benchmarks": [
            {
              "id": "1924802743_0_0",
              "sampleCount": 1262148,
              "name": "10_000 numbers",
              "rank": 2,
              "rme": 1.2184464778109119,
              "totalTime": 500.00034699967364,
              "min": 0.00017099999968195334,
              "max": 1.4707759999946575,
              "hz": 2524294.248141439,
              "period": 0.00039615033023042754,
              "mean": 0.00039615033023042754,
              "variance": 0.000007654751544110786,
              "sd": 0.0027667221660497075,
              "sem": 0.000002462693747718847,
              "df": 1262147,
              "critical": 1.96,
              "moe": 0.00000482687974552894,
              "p75": 0.00040499999886378646,
              "p99": 0.0008519999973941594,
              "p995": 0.0010909999982686713,
              "p999": 0.002264000002469402
            },
            {
              "id": "1924802743_0_1",
              "sampleCount": 1262592,
              "name": "100_000 numbers",
              "rank": 1,
              "rme": 1.8336252699660747,
              "totalTime": 500.0001290017826,
              "min": 0.00017300000035902485,
              "max": 2.129767999998876,
              "hz": 2525183.3484936934,
              "period": 0.0003960108483197918,
              "mean": 0.0003960108483197918,
              "variance": 0.000017329507799923072,
              "sd": 0.004162872541878152,
              "sem": 0.0000037047729523462885,
              "df": 1262591,
              "critical": 1.96,
              "moe": 0.000007261354986598726,
              "p75": 0.00038499999936902896,
              "p99": 0.0008119999984046444,
              "p995": 0.0010620000030030496,
              "p999": 0.00202500000159489
            }
          ]
        }
      ]
    },
    {
      "filepath": "/home/john/Code/Decipad/decipad/libs/language-builtins/src/operators/benchmarks/sort.bench.ts",
      "groups": [
        {
          "fullName": "src/operators/benchmarks/sort.bench.ts > sort",
          "benchmarks": [
            {
              "id": "163059679_0_0",
              "sampleCount": 10,
              "name": "10_000 numbers",
              "rank": 1,
              "rme": 5.123126154501182,
              "totalTime": 890.9869810000091,
              "min": 79.00675700001011,
              "max": 101.07032299999992,
              "hz": 11.223508550906534,
              "period": 89.09869810000092,
              "mean": 89.09869810000092,
              "variance": 40.721860878737886,
              "sd": 6.38136826070537,
              "sem": 2.0179658292136136,
              "df": 9,
              "critical": 2.262,
              "moe": 4.564638705681194,
              "p75": 91.58152800000244,
              "p99": 101.07032299999992,
              "p995": 101.07032299999992,
              "p999": 101.07032299999992
            },
            {
              "id": "163059679_0_1",
              "sampleCount": 10,
              "name": "100_000 numbers",
              "rank": 2,
              "rme": 1.0286830730605017,
              "totalTime": 9035.735006000032,
              "min": 890.39652200001,
              "max": 935.5104080000019,
              "hz": 1.1067168297166379,
              "period": 903.5735006000032,
              "mean": 903.5735006000032,
              "variance": 168.85151338255773,
              "sd": 12.994287721247277,
              "sem": 4.109154577070054,
              "df": 9,
              "critical": 2.262,
              "moe": 9.294907653332462,
              "p75": 907.956904000006,
              "p99": 935.5104080000019,
              "p995": 935.5104080000019,
              "p999": 935.5104080000019
            }
          ]
        }
      ]
    },
    {
      "filepath": "/home/john/Code/Decipad/decipad/libs/language-builtins/src/operators/benchmarks/sum.bench.ts",
      "groups": [
        {
          "fullName": "src/operators/benchmarks/sum.bench.ts > sum",
          "benchmarks": [
            {
              "id": "2027539054_0_0",
              "sampleCount": 0,
              "name": "10_000 numbers",
              "rank": 1,
              "rme": 0
            },
            {
              "id": "2027539054_0_1",
              "sampleCount": 0,
              "name": "100_000 numbers",
              "rank": 2,
              "rme": 0
            }
          ]
        }
      ]
    },
    {
      "filepath": "/home/john/Code/Decipad/decipad/libs/language-builtins/src/operators/benchmarks/sumif.bench.ts",
      "groups": [
        {
          "fullName": "src/operators/benchmarks/sumif.bench.ts > sumif",
          "benchmarks": [
            {
              "id": "-1994921679_0_0",
              "sampleCount": 0,